-- DISEASE TABLE
INSERT INTO disease(disease_id,disease_description) VALUES (3,'copd');
INSERT INTO disease(disease_id,disease_description) VALUES (1,'diabetes');
INSERT INTO disease(disease_id,disease_description) VALUES (2,'hyper tension');
INSERT INTO disease(disease_id,disease_description) VALUES (4,'myocardial infraction');

-- LOCATION TABLE
INSERT INTO location(location_id,location_name) VALUES (1,'town A');
INSERT INTO location(location_id,location_name) VALUES (2,'town B');
INSERT INTO location(location_id,location_name) VALUES (3,'town C');

-- OCCUPATION TABLE
INSERT INTO occupation(occ_id,occup_description) VALUES (2,'farmer');
INSERT INTO occupation(occ_id,occup_description) VALUES (3,'industrial labor work');
INSERT INTO occupation(occ_id,occup_description) VALUES (1,'office employee');

-- SURVEY TABLE
INSERT INTO survey(sur_id,loc_id,year,population_m) VALUES (1,1,2012,1);
INSERT INTO survey(sur_id,loc_id,year,population_m) VALUES (2,1,2012,1.1);
INSERT INTO survey(sur_id,loc_id,year,population_m) VALUES (3,1,2012,1.2);
INSERT INTO survey(sur_id,loc_id,year,population_m) VALUES (4,1,2012,1.3);
INSERT INTO survey(sur_id,loc_id,year,population_m) VALUES (5,2,2012,1.8);
INSERT INTO survey(sur_id,loc_id,year,population_m) VALUES (6,2,2012,1.35);
INSERT INTO survey(sur_id,loc_id,year,population_m) VALUES (7,2,2012,1.23);
INSERT INTO survey(sur_id,loc_id,year,population_m) VALUES (8,2,2012,1.78);
INSERT INTO survey(sur_id,loc_id,year,population_m) VALUES (9,2,2012,2);
INSERT INTO survey(sur_id,loc_id,year,population_m) VALUES (10,3,2012,1.7);
INSERT INTO survey(sur_id,loc_id,year,population_m) VALUES (11,3,2012,1.5);
INSERT INTO survey(sur_id,loc_id,year,population_m) VALUES (12,3,2012,1.34);
INSERT INTO survey(sur_id,loc_id,year,population_m) VALUES (13,1,2013,1.98);
INSERT INTO survey(sur_id,loc_id,year,population_m) VALUES (14,1,2013,1.23);
INSERT INTO survey(sur_id,loc_id,year,population_m) VALUES (15,1,2013,0.8);
INSERT INTO survey(sur_id,loc_id,year,population_m) VALUES (16,1,2013,0.2);
INSERT INTO survey(sur_id,loc_id,year,population_m) VALUES (17,2,2013,0.6);
INSERT INTO survey(sur_id,loc_id,year,population_m) VALUES (18,2,2013,1.9);
INSERT INTO survey(sur_id,loc_id,year,population_m) VALUES (19,2,2013,0.9);
INSERT INTO survey(sur_id,loc_id,year,population_m) VALUES (20,2,2013,0.67);
INSERT INTO survey(sur_id,loc_id,year,population_m) VALUES (21,2,2013,0.98);
INSERT INTO survey(sur_id,loc_id,year,population_m) VALUES (22,3,2013,0.32);
INSERT INTO survey(sur_id,loc_id,year,population_m) VALUES (23,3,2013,0.45);
INSERT INTO survey(sur_id,loc_id,year,population_m) VALUES (24,3,2013,0.61);
INSERT INTO survey(sur_id,loc_id,year,population_m) VALUES (25,1,2014,0.34);
INSERT INTO survey(sur_id,loc_id,year,population_m) VALUES (26,1,2014,0.45);
INSERT INTO survey(sur_id,loc_id,year,population_m) VALUES (27,1,2014,0.78);
INSERT INTO survey(sur_id,loc_id,year,population_m) VALUES (28,1,2014,0.98);
INSERT INTO survey(sur_id,loc_id,year,population_m) VALUES (29,2,2014,1.2);
INSERT INTO survey(sur_id,loc_id,year,population_m) VALUES (30,2,2014,1.4);
INSERT INTO survey(sur_id,loc_id,year,population_m) VALUES (31,2,2014,1.6);
INSERT INTO survey(sur_id,loc_id,year,population_m) VALUES (32,2,2014,1);
INSERT INTO survey(sur_id,loc_id,year,population_m) VALUES (33,2,2014,1.2);
INSERT INTO survey(sur_id,loc_id,year,population_m) VALUES (34,3,2014,0.5);
INSERT INTO survey(sur_id,loc_id,year,population_m) VALUES (35,3,2014,0.35);
INSERT INTO survey(sur_id,loc_id,year,population_m) VALUES (36,3,2014,0.93);

-- CITIZEN TABLE
INSERT INTO citizen(cit_id,sur_id,gender,dob,ethnicity,marital_stat,fast_food_weekly,fruits_weekly,alcohol,smoke) VALUES (1,1,'m','1967-07-29','american','m',2,2,'1','1');
INSERT INTO citizen(cit_id,sur_id,gender,dob,ethnicity,marital_stat,fast_food_weekly,fruits_weekly,alcohol,smoke) VALUES (2,1,'f','1968-02-19','african american','s',3,3,'0','0');
INSERT INTO citizen(cit_id,sur_id,gender,dob,ethnicity,marital_stat,fast_food_weekly,fruits_weekly,alcohol,smoke) VALUES (3,1,'m','1992-06-02','american','d',1,4,'1','1');
INSERT INTO citizen(cit_id,sur_id,gender,dob,ethnicity,marital_stat,fast_food_weekly,fruits_weekly,alcohol,smoke) VALUES (4,1,'f','1997-11-13','african american','d',4,5,'1','1');
INSERT INTO citizen(cit_id,sur_id,gender,dob,ethnicity,marital_stat,fast_food_weekly,fruits_weekly,alcohol,smoke) VALUES (5,1,'m','1989-08-06','american','s',5,6,'0','0');
INSERT INTO citizen(cit_id,sur_id,gender,dob,ethnicity,marital_stat,fast_food_weekly,fruits_weekly,alcohol,smoke) VALUES (6,2,'f','1992-06-07','native hawaiian','s',7,7,'1','0');
INSERT INTO citizen(cit_id,sur_id,gender,dob,ethnicity,marital_stat,fast_food_weekly,fruits_weekly,alcohol,smoke) VALUES (7,2,'f','1995-08-11','american','s',4,8,'1','0');
INSERT INTO citizen(cit_id,sur_id,gender,dob,ethnicity,marital_stat,fast_food_weekly,fruits_weekly,alcohol,smoke) VALUES (8,2,'m','1989-01-31','white','m',5,9,'1','0');
INSERT INTO citizen(cit_id,sur_id,gender,dob,ethnicity,marital_stat,fast_food_weekly,fruits_weekly,alcohol,smoke) VALUES (9,2,'f','1991-06-14','american','s',6,6,'1','0');
INSERT INTO citizen(cit_id,sur_id,gender,dob,ethnicity,marital_stat,fast_food_weekly,fruits_weekly,alcohol,smoke) VALUES (10,2,'f','1992-06-07','white','m',7,7,'0','1');
INSERT INTO citizen(cit_id,sur_id,gender,dob,ethnicity,marital_stat,fast_food_weekly,fruits_weekly,alcohol,smoke) VALUES (11,3,'m','1967-07-29','american','s',8,6,'0','0');
INSERT INTO citizen(cit_id,sur_id,gender,dob,ethnicity,marital_stat,fast_food_weekly,fruits_weekly,alcohol,smoke) VALUES (12,3,'m','1989-08-09','native hawaiian','d',9,5,'0','1');
INSERT INTO citizen(cit_id,sur_id,gender,dob,ethnicity,marital_stat,fast_food_weekly,fruits_weekly,alcohol,smoke) VALUES (13,3,'f','1978-05-11','white','m',1,7,'0','0');
INSERT INTO citizen(cit_id,sur_id,gender,dob,ethnicity,marital_stat,fast_food_weekly,fruits_weekly,alcohol,smoke) VALUES (14,3,'f','1965-11-12','asian','s',2,7,'1','1');
INSERT INTO citizen(cit_id,sur_id,gender,dob,ethnicity,marital_stat,fast_food_weekly,fruits_weekly,alcohol,smoke) VALUES (15,3,'f','2012-12-11','asian','d',3,8,'1','0');
INSERT INTO citizen(cit_id,sur_id,gender,dob,ethnicity,marital_stat,fast_food_weekly,fruits_weekly,alcohol,smoke) VALUES (16,4,'m','2013-11-12','white','m',4,6,'0','1');
INSERT INTO citizen(cit_id,sur_id,gender,dob,ethnicity,marital_stat,fast_food_weekly,fruits_weekly,alcohol,smoke) VALUES (17,4,'f','2011-12-13','white','s',5,5,'1','0');
INSERT INTO citizen(cit_id,sur_id,gender,dob,ethnicity,marital_stat,fast_food_weekly,fruits_weekly,alcohol,smoke) VALUES (18,4,'m','2009-08-09','american','m',6,6,'0','0');
INSERT INTO citizen(cit_id,sur_id,gender,dob,ethnicity,marital_stat,fast_food_weekly,fruits_weekly,alcohol,smoke) VALUES (19,4,'m','2008-06-07','white','s',7,7,'1','1');
INSERT INTO citizen(cit_id,sur_id,gender,dob,ethnicity,marital_stat,fast_food_weekly,fruits_weekly,alcohol,smoke) VALUES (20,4,'f','2006-05-04','american','m',8,8,'1','1');
INSERT INTO citizen(cit_id,sur_id,gender,dob,ethnicity,marital_stat,fast_food_weekly,fruits_weekly,alcohol,smoke) VALUES (21,5,'f','2003-02-01','american','m',8,6,'1','0');
INSERT INTO citizen(cit_id,sur_id,gender,dob,ethnicity,marital_stat,fast_food_weekly,fruits_weekly,alcohol,smoke) VALUES (22,5,'f','1998-07-06','american','m',9,5,'0','1');
INSERT INTO citizen(cit_id,sur_id,gender,dob,ethnicity,marital_stat,fast_food_weekly,fruits_weekly,alcohol,smoke) VALUES (23,5,'m','1992-03-04','white','s',7,4,'0','1');
INSERT INTO citizen(cit_id,sur_id,gender,dob,ethnicity,marital_stat,fast_food_weekly,fruits_weekly,alcohol,smoke) VALUES (24,5,'m','1945-06-07','asian','s',5,4,'0','1');
INSERT INTO citizen(cit_id,sur_id,gender,dob,ethnicity,marital_stat,fast_food_weekly,fruits_weekly,alcohol,smoke) VALUES (25,5,'m','1992-08-09','asian','d',4,3,'0','1');
INSERT INTO citizen(cit_id,sur_id,gender,dob,ethnicity,marital_stat,fast_food_weekly,fruits_weekly,alcohol,smoke) VALUES (26,6,'f','1948-09-08','white','s',3,4,'1','1');
INSERT INTO citizen(cit_id,sur_id,gender,dob,ethnicity,marital_stat,fast_food_weekly,fruits_weekly,alcohol,smoke) VALUES (27,6,'f','1997-10-11','american','m',5,5,'1','1');
INSERT INTO citizen(cit_id,sur_id,gender,dob,ethnicity,marital_stat,fast_food_weekly,fruits_weekly,alcohol,smoke) VALUES (28,6,'f','1998-07-08','white','m',6,6,'0','0');
INSERT INTO citizen(cit_id,sur_id,gender,dob,ethnicity,marital_stat,fast_food_weekly,fruits_weekly,alcohol,smoke) VALUES (29,6,'m','1999-07-08','american','s',7,7,'1','0');
INSERT INTO citizen(cit_id,sur_id,gender,dob,ethnicity,marital_stat,fast_food_weekly,fruits_weekly,alcohol,smoke) VALUES (30,6,'f','1992-09-08','native hawaiian','d',8,8,'0','0');
INSERT INTO citizen(cit_id,sur_id,gender,dob,ethnicity,marital_stat,fast_food_weekly,fruits_weekly,alcohol,smoke) VALUES (31,7,'m','1953-08-09','white','m',8,2,'0','0');
INSERT INTO citizen(cit_id,sur_id,gender,dob,ethnicity,marital_stat,fast_food_weekly,fruits_weekly,alcohol,smoke) VALUES (32,7,'f','1987-09-08','asian','s',9,3,'0','1');
INSERT INTO citizen(cit_id,sur_id,gender,dob,ethnicity,marital_stat,fast_food_weekly,fruits_weekly,alcohol,smoke) VALUES (33,7,'m','1976-09-07','african american','s',0,1,'0','1');
INSERT INTO citizen(cit_id,sur_id,gender,dob,ethnicity,marital_stat,fast_food_weekly,fruits_weekly,alcohol,smoke) VALUES (34,7,'f','1993-02-03','native hawaiian','s',5,4,'1','1');
INSERT INTO citizen(cit_id,sur_id,gender,dob,ethnicity,marital_stat,fast_food_weekly,fruits_weekly,alcohol,smoke) VALUES (35,7,'m','1978-09-04','white','s',4,6,'0','0');
INSERT INTO citizen(cit_id,sur_id,gender,dob,ethnicity,marital_stat,fast_food_weekly,fruits_weekly,alcohol,smoke) VALUES (36,8,'f','1994-12-12','asian','m',3,0,'0','0');
INSERT INTO citizen(cit_id,sur_id,gender,dob,ethnicity,marital_stat,fast_food_weekly,fruits_weekly,alcohol,smoke) VALUES (37,8,'m','2012-12-12','white','d',5,6,'0','1');
INSERT INTO citizen(cit_id,sur_id,gender,dob,ethnicity,marital_stat,fast_food_weekly,fruits_weekly,alcohol,smoke) VALUES (38,8,'f','2011-11-11','american','s',6,6,'0','0');
INSERT INTO citizen(cit_id,sur_id,gender,dob,ethnicity,marital_stat,fast_food_weekly,fruits_weekly,alcohol,smoke) VALUES (39,8,'m','2009-09-09','african american','m',5,5,'0','1');
INSERT INTO citizen(cit_id,sur_id,gender,dob,ethnicity,marital_stat,fast_food_weekly,fruits_weekly,alcohol,smoke) VALUES (40,8,'f','2008-08-08','white','s',4,4,'1','0');
INSERT INTO citizen(cit_id,sur_id,gender,dob,ethnicity,marital_stat,fast_food_weekly,fruits_weekly,alcohol,smoke) VALUES (41,9,'m','2007-07-07','asian','s',3,6,'0','1');
INSERT INTO citizen(cit_id,sur_id,gender,dob,ethnicity,marital_stat,fast_food_weekly,fruits_weekly,alcohol,smoke) VALUES (42,9,'f','2006-06-06','african american','s',4,7,'0','0');
INSERT INTO citizen(cit_id,sur_id,gender,dob,ethnicity,marital_stat,fast_food_weekly,fruits_weekly,alcohol,smoke) VALUES (43,9,'m','2005-05-05','native hawaiian','m',5,5,'0','0');
INSERT INTO citizen(cit_id,sur_id,gender,dob,ethnicity,marital_stat,fast_food_weekly,fruits_weekly,alcohol,smoke) VALUES (44,9,'f','2004-04-04','asian','m',6,3,'0','0');
INSERT INTO citizen(cit_id,sur_id,gender,dob,ethnicity,marital_stat,fast_food_weekly,fruits_weekly,alcohol,smoke) VALUES (45,9,'m','2002-02-02','american','m',7,5,'0','0');
INSERT INTO citizen(cit_id,sur_id,gender,dob,ethnicity,marital_stat,fast_food_weekly,fruits_weekly,alcohol,smoke) VALUES (46,10,'m','1956-04-27','american','s',2,1,'0','0');
INSERT INTO citizen(cit_id,sur_id,gender,dob,ethnicity,marital_stat,fast_food_weekly,fruits_weekly,alcohol,smoke) VALUES (47,10,'f','1956-02-26','asian','m',3,2,'1','0');
INSERT INTO citizen(cit_id,sur_id,gender,dob,ethnicity,marital_stat,fast_food_weekly,fruits_weekly,alcohol,smoke) VALUES (48,10,'f','1956-04-21','asian','d',4,3,'1','0');
INSERT INTO citizen(cit_id,sur_id,gender,dob,ethnicity,marital_stat,fast_food_weekly,fruits_weekly,alcohol,smoke) VALUES (49,10,'m','1965-02-05','white','d',5,2,'0','0');
INSERT INTO citizen(cit_id,sur_id,gender,dob,ethnicity,marital_stat,fast_food_weekly,fruits_weekly,alcohol,smoke) VALUES (50,10,'f','1999-01-11','asian','s',1,4,'0','0');
INSERT INTO citizen(cit_id,sur_id,gender,dob,ethnicity,marital_stat,fast_food_weekly,fruits_weekly,alcohol,smoke) VALUES (51,11,'m','1990-04-11','african american','m',2,6,'0','1');
INSERT INTO citizen(cit_id,sur_id,gender,dob,ethnicity,marital_stat,fast_food_weekly,fruits_weekly,alcohol,smoke) VALUES (52,11,'f','1990-04-06','american','s',3,4,'1','1');
INSERT INTO citizen(cit_id,sur_id,gender,dob,ethnicity,marital_stat,fast_food_weekly,fruits_weekly,alcohol,smoke) VALUES (53,11,'m','1992-07-02','asian','d',5,2,'1','1');
INSERT INTO citizen(cit_id,sur_id,gender,dob,ethnicity,marital_stat,fast_food_weekly,fruits_weekly,alcohol,smoke) VALUES (54,11,'f','1991-06-06','american','m',6,1,'1','0');
INSERT INTO citizen(cit_id,sur_id,gender,dob,ethnicity,marital_stat,fast_food_weekly,fruits_weekly,alcohol,smoke) VALUES (55,11,'f','1990-04-04','white','m',7,3,'0','1');
INSERT INTO citizen(cit_id,sur_id,gender,dob,ethnicity,marital_stat,fast_food_weekly,fruits_weekly,alcohol,smoke) VALUES (56,12,'m','1990-02-08','american','d',3,4,'0','0');
INSERT INTO citizen(cit_id,sur_id,gender,dob,ethnicity,marital_stat,fast_food_weekly,fruits_weekly,alcohol,smoke) VALUES (57,12,'f','1986-05-17','asian','s',4,5,'0','1');
INSERT INTO citizen(cit_id,sur_id,gender,dob,ethnicity,marital_stat,fast_food_weekly,fruits_weekly,alcohol,smoke) VALUES (58,12,'f','1982-05-02','american','s',3,4,'0','0');
INSERT INTO citizen(cit_id,sur_id,gender,dob,ethnicity,marital_stat,fast_food_weekly,fruits_weekly,alcohol,smoke) VALUES (59,12,'m','1986-02-20','white','d',2,3,'1','0');
INSERT INTO citizen(cit_id,sur_id,gender,dob,ethnicity,marital_stat,fast_food_weekly,fruits_weekly,alcohol,smoke) VALUES (60,12,'f','1983-09-24','african american','m',5,2,'1','1');
INSERT INTO citizen(cit_id,sur_id,gender,dob,ethnicity,marital_stat,fast_food_weekly,fruits_weekly,alcohol,smoke) VALUES (61,13,'f','1942-05-14','asian','m',6,5,'0','1');
INSERT INTO citizen(cit_id,sur_id,gender,dob,ethnicity,marital_stat,fast_food_weekly,fruits_weekly,alcohol,smoke) VALUES (62,13,'m','1985-12-05','american','d',3,3,'0','0');
INSERT INTO citizen(cit_id,sur_id,gender,dob,ethnicity,marital_stat,fast_food_weekly,fruits_weekly,alcohol,smoke) VALUES (63,13,'m','1998-01-01','white','s',2,4,'0','0');
INSERT INTO citizen(cit_id,sur_id,gender,dob,ethnicity,marital_stat,fast_food_weekly,fruits_weekly,alcohol,smoke) VALUES (64,13,'m','1996-01-12','american','s',1,2,'1','1');
INSERT INTO citizen(cit_id,sur_id,gender,dob,ethnicity,marital_stat,fast_food_weekly,fruits_weekly,alcohol,smoke) VALUES (65,13,'f','1985-06-09','asian','d',3,5,'1','1');
INSERT INTO citizen(cit_id,sur_id,gender,dob,ethnicity,marital_stat,fast_food_weekly,fruits_weekly,alcohol,smoke) VALUES (66,14,'f','1954-11-02','asian','m',4,4,'1','0');
INSERT INTO citizen(cit_id,sur_id,gender,dob,ethnicity,marital_stat,fast_food_weekly,fruits_weekly,alcohol,smoke) VALUES (67,14,'m','1990-08-28','american','m',2,3,'0','0');
INSERT INTO citizen(cit_id,sur_id,gender,dob,ethnicity,marital_stat,fast_food_weekly,fruits_weekly,alcohol,smoke) VALUES (68,14,'f','1990-02-13','asian','d',5,4,'0','1');
INSERT INTO citizen(cit_id,sur_id,gender,dob,ethnicity,marital_stat,fast_food_weekly,fruits_weekly,alcohol,smoke) VALUES (69,14,'m','1997-02-12','native hawaiian','s',6,2,'0','1');
INSERT INTO citizen(cit_id,sur_id,gender,dob,ethnicity,marital_stat,fast_food_weekly,fruits_weekly,alcohol,smoke) VALUES (70,14,'f','1960-04-27','american','s',4,1,'0','0');
INSERT INTO citizen(cit_id,sur_id,gender,dob,ethnicity,marital_stat,fast_food_weekly,fruits_weekly,alcohol,smoke) VALUES (71,15,'f','1951-07-15','american','d',3,2,'1','0');
INSERT INTO citizen(cit_id,sur_id,gender,dob,ethnicity,marital_stat,fast_food_weekly,fruits_weekly,alcohol,smoke) VALUES (72,15,'m','1967-02-03','asian','m',1,3,'1','1');
INSERT INTO citizen(cit_id,sur_id,gender,dob,ethnicity,marital_stat,fast_food_weekly,fruits_weekly,alcohol,smoke) VALUES (73,15,'f','1987-04-05','native hawaiian','d',2,4,'1','0');
INSERT INTO citizen(cit_id,sur_id,gender,dob,ethnicity,marital_stat,fast_food_weekly,fruits_weekly,alcohol,smoke) VALUES (74,15,'m','1988-04-03','american','s',3,5,'0','0');
INSERT INTO citizen(cit_id,sur_id,gender,dob,ethnicity,marital_stat,fast_food_weekly,fruits_weekly,alcohol,smoke) VALUES (75,15,'f','1989-02-02','asian','s',4,4,'0','1');
INSERT INTO citizen(cit_id,sur_id,gender,dob,ethnicity,marital_stat,fast_food_weekly,fruits_weekly,alcohol,smoke) VALUES (76,16,'f','1980-03-01','american','d',3,3,'0','1');
INSERT INTO citizen(cit_id,sur_id,gender,dob,ethnicity,marital_stat,fast_food_weekly,fruits_weekly,alcohol,smoke) VALUES (77,16,'m','1990-10-10','asian','d',2,2,'1','1');
INSERT INTO citizen(cit_id,sur_id,gender,dob,ethnicity,marital_stat,fast_food_weekly,fruits_weekly,alcohol,smoke) VALUES (78,16,'f','1993-10-20','african american','m',5,3,'1','0');
INSERT INTO citizen(cit_id,sur_id,gender,dob,ethnicity,marital_stat,fast_food_weekly,fruits_weekly,alcohol,smoke) VALUES (79,16,'m','1990-02-13','american','d',4,4,'1','0');
INSERT INTO citizen(cit_id,sur_id,gender,dob,ethnicity,marital_stat,fast_food_weekly,fruits_weekly,alcohol,smoke) VALUES (80,16,'f','1990-02-13','native hawaiian','m',3,2,'0','0');
INSERT INTO citizen(cit_id,sur_id,gender,dob,ethnicity,marital_stat,fast_food_weekly,fruits_weekly,alcohol,smoke) VALUES (81,17,'f','1978-09-02','american','m',4,1,'0','0');
INSERT INTO citizen(cit_id,sur_id,gender,dob,ethnicity,marital_stat,fast_food_weekly,fruits_weekly,alcohol,smoke) VALUES (82,17,'f','1951-07-15','african american','d',5,2,'0','1');
INSERT INTO citizen(cit_id,sur_id,gender,dob,ethnicity,marital_stat,fast_food_weekly,fruits_weekly,alcohol,smoke) VALUES (83,17,'m','1951-07-15','american','m',3,3,'0','1');
INSERT INTO citizen(cit_id,sur_id,gender,dob,ethnicity,marital_stat,fast_food_weekly,fruits_weekly,alcohol,smoke) VALUES (84,17,'f','1982-03-02','african american','d',1,4,'1','1');
INSERT INTO citizen(cit_id,sur_id,gender,dob,ethnicity,marital_stat,fast_food_weekly,fruits_weekly,alcohol,smoke) VALUES (85,17,'f','1987-02-05','american','d',2,5,'1','0');
INSERT INTO citizen(cit_id,sur_id,gender,dob,ethnicity,marital_stat,fast_food_weekly,fruits_weekly,alcohol,smoke) VALUES (86,18,'m','1976-09-05','african american','m',3,3,'0','0');
INSERT INTO citizen(cit_id,sur_id,gender,dob,ethnicity,marital_stat,fast_food_weekly,fruits_weekly,alcohol,smoke) VALUES (87,18,'f','1998-09-10','american','d',5,2,'0','1');
INSERT INTO citizen(cit_id,sur_id,gender,dob,ethnicity,marital_stat,fast_food_weekly,fruits_weekly,alcohol,smoke) VALUES (88,18,'f','1997-10-20','native hawaiian','m',4,1,'1','0');
INSERT INTO citizen(cit_id,sur_id,gender,dob,ethnicity,marital_stat,fast_food_weekly,fruits_weekly,alcohol,smoke) VALUES (89,18,'f','1996-10-21','american','d',3,2,'0','1');
INSERT INTO citizen(cit_id,sur_id,gender,dob,ethnicity,marital_stat,fast_food_weekly,fruits_weekly,alcohol,smoke) VALUES (90,18,'m','1988-08-08','native hawaiian','s',3,3,'0','0');
INSERT INTO citizen(cit_id,sur_id,gender,dob,ethnicity,marital_stat,fast_food_weekly,fruits_weekly,alcohol,smoke) VALUES (91,19,'m','1992-03-18','american','s',3,5,'0','0');
INSERT INTO citizen(cit_id,sur_id,gender,dob,ethnicity,marital_stat,fast_food_weekly,fruits_weekly,alcohol,smoke) VALUES (92,19,'f','1992-04-07','asian','m',5,7,'0','0');
INSERT INTO citizen(cit_id,sur_id,gender,dob,ethnicity,marital_stat,fast_food_weekly,fruits_weekly,alcohol,smoke) VALUES (93,19,'m','1995-04-17','african american','d',6,7,'0','0');
INSERT INTO citizen(cit_id,sur_id,gender,dob,ethnicity,marital_stat,fast_food_weekly,fruits_weekly,alcohol,smoke) VALUES (94,19,'f','1964-04-27','native hawaiian','s',8,6,'0','0');
INSERT INTO citizen(cit_id,sur_id,gender,dob,ethnicity,marital_stat,fast_food_weekly,fruits_weekly,alcohol,smoke) VALUES (95,19,'f','1971-01-14','white','s',1,6,'1','0');
INSERT INTO citizen(cit_id,sur_id,gender,dob,ethnicity,marital_stat,fast_food_weekly,fruits_weekly,alcohol,smoke) VALUES (96,20,'m','1995-07-07','asian','m',2,5,'1','1');
INSERT INTO citizen(cit_id,sur_id,gender,dob,ethnicity,marital_stat,fast_food_weekly,fruits_weekly,alcohol,smoke) VALUES (97,20,'f','1998-09-07','american','m',4,7,'1','0');
INSERT INTO citizen(cit_id,sur_id,gender,dob,ethnicity,marital_stat,fast_food_weekly,fruits_weekly,alcohol,smoke) VALUES (98,20,'f','1889-09-02','asian','d',6,7,'1','0');
INSERT INTO citizen(cit_id,sur_id,gender,dob,ethnicity,marital_stat,fast_food_weekly,fruits_weekly,alcohol,smoke) VALUES (99,20,'m','1990-10-11','asian','d',7,7,'0','1');
INSERT INTO citizen(cit_id,sur_id,gender,dob,ethnicity,marital_stat,fast_food_weekly,fruits_weekly,alcohol,smoke) VALUES (100,20,'f','1997-09-03','american','s',3,8,'0','0');
INSERT INTO citizen(cit_id,sur_id,gender,dob,ethnicity,marital_stat,fast_food_weekly,fruits_weekly,alcohol,smoke) VALUES (101,21,'f','1977-09-03','african american','s',4,2,'1','1');
INSERT INTO citizen(cit_id,sur_id,gender,dob,ethnicity,marital_stat,fast_food_weekly,fruits_weekly,alcohol,smoke) VALUES (102,21,'m','1999-03-03','american','s',1,4,'1','0');
INSERT INTO citizen(cit_id,sur_id,gender,dob,ethnicity,marital_stat,fast_food_weekly,fruits_weekly,alcohol,smoke) VALUES (103,21,'m','1993-03-02','asian','d',3,4,'1','1');
INSERT INTO citizen(cit_id,sur_id,gender,dob,ethnicity,marital_stat,fast_food_weekly,fruits_weekly,alcohol,smoke) VALUES (104,21,'m','1990-02-01','native hawaiian','d',2,4,'0','0');
INSERT INTO citizen(cit_id,sur_id,gender,dob,ethnicity,marital_stat,fast_food_weekly,fruits_weekly,alcohol,smoke) VALUES (105,21,'f','1988-01-03','american','m',11,7,'1','1');
INSERT INTO citizen(cit_id,sur_id,gender,dob,ethnicity,marital_stat,fast_food_weekly,fruits_weekly,alcohol,smoke) VALUES (106,22,'f','1983-09-04','white','m',1,6,'0','0');
INSERT INTO citizen(cit_id,sur_id,gender,dob,ethnicity,marital_stat,fast_food_weekly,fruits_weekly,alcohol,smoke) VALUES (107,22,'f','1889-03-01','african american','m',1,5,'1','0');
INSERT INTO citizen(cit_id,sur_id,gender,dob,ethnicity,marital_stat,fast_food_weekly,fruits_weekly,alcohol,smoke) VALUES (108,22,'f','1898-11-30','american','s',1,4,'0','0');
INSERT INTO citizen(cit_id,sur_id,gender,dob,ethnicity,marital_stat,fast_food_weekly,fruits_weekly,alcohol,smoke) VALUES (109,22,'m','1989-11-11','african american','s',11,3,'1','1');
INSERT INTO citizen(cit_id,sur_id,gender,dob,ethnicity,marital_stat,fast_food_weekly,fruits_weekly,alcohol,smoke) VALUES (110,22,'f','2000-11-30','white','s',12,7,'0','1');
INSERT INTO citizen(cit_id,sur_id,gender,dob,ethnicity,marital_stat,fast_food_weekly,fruits_weekly,alcohol,smoke) VALUES (111,23,'f','1987-02-01','american','d',9,7,'1','0');
INSERT INTO citizen(cit_id,sur_id,gender,dob,ethnicity,marital_stat,fast_food_weekly,fruits_weekly,alcohol,smoke) VALUES (112,23,'m','1899-01-28','native hawaiian','d',10,7,'0','1');
INSERT INTO citizen(cit_id,sur_id,gender,dob,ethnicity,marital_stat,fast_food_weekly,fruits_weekly,alcohol,smoke) VALUES (113,23,'f','1897-01-01','american','m',1,6,'1','0');
INSERT INTO citizen(cit_id,sur_id,gender,dob,ethnicity,marital_stat,fast_food_weekly,fruits_weekly,alcohol,smoke) VALUES (114,23,'f','1888-01-02','white','m',2,5,'0','1');
INSERT INTO citizen(cit_id,sur_id,gender,dob,ethnicity,marital_stat,fast_food_weekly,fruits_weekly,alcohol,smoke) VALUES (115,23,'f','1989-11-11','american','m',5,8,'1','1');
INSERT INTO citizen(cit_id,sur_id,gender,dob,ethnicity,marital_stat,fast_food_weekly,fruits_weekly,alcohol,smoke) VALUES (116,24,'m','1889-03-01','native hawaiian','d',7,3,'0','0');
INSERT INTO citizen(cit_id,sur_id,gender,dob,ethnicity,marital_stat,fast_food_weekly,fruits_weekly,alcohol,smoke) VALUES (117,24,'f','1898-11-30','white','d',8,7,'0','0');
INSERT INTO citizen(cit_id,sur_id,gender,dob,ethnicity,marital_stat,fast_food_weekly,fruits_weekly,alcohol,smoke) VALUES (118,24,'m','1989-11-11','american','s',9,10,'1','1');
INSERT INTO citizen(cit_id,sur_id,gender,dob,ethnicity,marital_stat,fast_food_weekly,fruits_weekly,alcohol,smoke) VALUES (119,24,'f','1993-03-02','african american','s',10,11,'0','1');
INSERT INTO citizen(cit_id,sur_id,gender,dob,ethnicity,marital_stat,fast_food_weekly,fruits_weekly,alcohol,smoke) VALUES (120,24,'m','1998-03-01','asian','s',2,9,'1','0');
INSERT INTO citizen(cit_id,sur_id,gender,dob,ethnicity,marital_stat,fast_food_weekly,fruits_weekly,alcohol,smoke) VALUES (121,25,'f','1989-11-11','american','d',5,8,'1','1');
INSERT INTO citizen(cit_id,sur_id,gender,dob,ethnicity,marital_stat,fast_food_weekly,fruits_weekly,alcohol,smoke) VALUES (122,25,'f','1990-10-11','native hawaiian','d',6,7,'0','0');
INSERT INTO citizen(cit_id,sur_id,gender,dob,ethnicity,marital_stat,fast_food_weekly,fruits_weekly,alcohol,smoke) VALUES (123,25,'m','1992-03-18','asian','s',7,6,'0','0');
INSERT INTO citizen(cit_id,sur_id,gender,dob,ethnicity,marital_stat,fast_food_weekly,fruits_weekly,alcohol,smoke) VALUES (124,25,'m','1899-01-28','american','m',2,4,'0','1');
INSERT INTO citizen(cit_id,sur_id,gender,dob,ethnicity,marital_stat,fast_food_weekly,fruits_weekly,alcohol,smoke) VALUES (125,25,'f','1998-01-25','native hawaiian','m',1,3,'1','1');
INSERT INTO citizen(cit_id,sur_id,gender,dob,ethnicity,marital_stat,fast_food_weekly,fruits_weekly,alcohol,smoke) VALUES (126,26,'m','1995-02-24','american','d',4,2,'0','1');
INSERT INTO citizen(cit_id,sur_id,gender,dob,ethnicity,marital_stat,fast_food_weekly,fruits_weekly,alcohol,smoke) VALUES (127,26,'f','1990-10-11','american','m',5,11,'1','1');
INSERT INTO citizen(cit_id,sur_id,gender,dob,ethnicity,marital_stat,fast_food_weekly,fruits_weekly,alcohol,smoke) VALUES (128,26,'m','1992-12-14','asian','s',2,13,'0','1');
INSERT INTO citizen(cit_id,sur_id,gender,dob,ethnicity,marital_stat,fast_food_weekly,fruits_weekly,alcohol,smoke) VALUES (129,26,'f','1993-03-02','native hawaiian','s',7,1,'1','1');
INSERT INTO citizen(cit_id,sur_id,gender,dob,ethnicity,marital_stat,fast_food_weekly,fruits_weekly,alcohol,smoke) VALUES (130,26,'m','1995-02-24','american','s',1,8,'0','0');
INSERT INTO citizen(cit_id,sur_id,gender,dob,ethnicity,marital_stat,fast_food_weekly,fruits_weekly,alcohol,smoke) VALUES (131,27,'f','1989-11-11','asian','s',8,7,'1','0');
INSERT INTO citizen(cit_id,sur_id,gender,dob,ethnicity,marital_stat,fast_food_weekly,fruits_weekly,alcohol,smoke) VALUES (132,27,'f','1991-03-02','american','s',1,4,'0','0');
INSERT INTO citizen(cit_id,sur_id,gender,dob,ethnicity,marital_stat,fast_food_weekly,fruits_weekly,alcohol,smoke) VALUES (133,27,'m','1990-11-23','native hawaiian','s',7,3,'1','0');
INSERT INTO citizen(cit_id,sur_id,gender,dob,ethnicity,marital_stat,fast_food_weekly,fruits_weekly,alcohol,smoke) VALUES (134,27,'m','1998-01-25','african american','s',8,2,'1','0');
INSERT INTO citizen(cit_id,sur_id,gender,dob,ethnicity,marital_stat,fast_food_weekly,fruits_weekly,alcohol,smoke) VALUES (135,27,'m','1993-03-02','american','s',9,10,'1','0');
INSERT INTO citizen(cit_id,sur_id,gender,dob,ethnicity,marital_stat,fast_food_weekly,fruits_weekly,alcohol,smoke) VALUES (136,28,'f','1993-03-22','white','d',6,7,'0','1');
INSERT INTO citizen(cit_id,sur_id,gender,dob,ethnicity,marital_stat,fast_food_weekly,fruits_weekly,alcohol,smoke) VALUES (137,28,'m','1987-10-02','asian','m',8,4,'1','0');
INSERT INTO citizen(cit_id,sur_id,gender,dob,ethnicity,marital_stat,fast_food_weekly,fruits_weekly,alcohol,smoke) VALUES (138,28,'f','1995-05-15','american','s',3,5,'0','1');
INSERT INTO citizen(cit_id,sur_id,gender,dob,ethnicity,marital_stat,fast_food_weekly,fruits_weekly,alcohol,smoke) VALUES (139,28,'m','1965-09-25','asian','d',5,8,'0','0');
INSERT INTO citizen(cit_id,sur_id,gender,dob,ethnicity,marital_stat,fast_food_weekly,fruits_weekly,alcohol,smoke) VALUES (140,28,'f','1977-12-25','native hawaiian','d',7,2,'1','0');
INSERT INTO citizen(cit_id,sur_id,gender,dob,ethnicity,marital_stat,fast_food_weekly,fruits_weekly,alcohol,smoke) VALUES (141,29,'f','1987-03-29','african american','m',1,4,'1','0');
INSERT INTO citizen(cit_id,sur_id,gender,dob,ethnicity,marital_stat,fast_food_weekly,fruits_weekly,alcohol,smoke) VALUES (142,29,'m','1982-07-30','white','s',3,6,'1','1');
INSERT INTO citizen(cit_id,sur_id,gender,dob,ethnicity,marital_stat,fast_food_weekly,fruits_weekly,alcohol,smoke) VALUES (143,29,'m','1975-06-21','native hawaiian','s',6,9,'0','0');
INSERT INTO citizen(cit_id,sur_id,gender,dob,ethnicity,marital_stat,fast_food_weekly,fruits_weekly,alcohol,smoke) VALUES (144,29,'m','1966-08-08','american','d',4,1,'1','0');
INSERT INTO citizen(cit_id,sur_id,gender,dob,ethnicity,marital_stat,fast_food_weekly,fruits_weekly,alcohol,smoke) VALUES (145,29,'f','1988-02-29','african american','d',5,3,'1','1');
INSERT INTO citizen(cit_id,sur_id,gender,dob,ethnicity,marital_stat,fast_food_weekly,fruits_weekly,alcohol,smoke) VALUES (146,30,'f','1990-05-28','white','m',9,9,'0','1');
INSERT INTO citizen(cit_id,sur_id,gender,dob,ethnicity,marital_stat,fast_food_weekly,fruits_weekly,alcohol,smoke) VALUES (147,30,'m','1970-07-17','american','d',10,6,'1','0');
INSERT INTO citizen(cit_id,sur_id,gender,dob,ethnicity,marital_stat,fast_food_weekly,fruits_weekly,alcohol,smoke) VALUES (148,30,'f','1973-08-19','asian','s',6,4,'1','0');
INSERT INTO citizen(cit_id,sur_id,gender,dob,ethnicity,marital_stat,fast_food_weekly,fruits_weekly,alcohol,smoke) VALUES (149,30,'f','1959-09-23','native hawaiian','d',2,6,'0','0');
INSERT INTO citizen(cit_id,sur_id,gender,dob,ethnicity,marital_stat,fast_food_weekly,fruits_weekly,alcohol,smoke) VALUES (150,30,'f','1978-12-27','white','s',9,9,'1','1');
INSERT INTO citizen(cit_id,sur_id,gender,dob,ethnicity,marital_stat,fast_food_weekly,fruits_weekly,alcohol,smoke) VALUES (151,31,'m','1989-11-15','native hawaiian','m',4,1,'1','1');
INSERT INTO citizen(cit_id,sur_id,gender,dob,ethnicity,marital_stat,fast_food_weekly,fruits_weekly,alcohol,smoke) VALUES (152,31,'m','1968-01-17','african american','d',7,2,'1','0');
INSERT INTO citizen(cit_id,sur_id,gender,dob,ethnicity,marital_stat,fast_food_weekly,fruits_weekly,alcohol,smoke) VALUES (153,31,'f','1972-03-18','asian','m',12,9,'1','0');
INSERT INTO citizen(cit_id,sur_id,gender,dob,ethnicity,marital_stat,fast_food_weekly,fruits_weekly,alcohol,smoke) VALUES (154,31,'f','1982-04-19','white','d',6,6,'1','0');
INSERT INTO citizen(cit_id,sur_id,gender,dob,ethnicity,marital_stat,fast_food_weekly,fruits_weekly,alcohol,smoke) VALUES (155,31,'f','1986-07-24','native hawaiian','d',8,5,'0','0');
INSERT INTO citizen(cit_id,sur_id,gender,dob,ethnicity,marital_stat,fast_food_weekly,fruits_weekly,alcohol,smoke) VALUES (156,32,'m','1987-09-12','american','s',2,4,'1','1');
INSERT INTO citizen(cit_id,sur_id,gender,dob,ethnicity,marital_stat,fast_food_weekly,fruits_weekly,alcohol,smoke) VALUES (157,32,'f','1992-06-12','american','d',2,8,'1','1');
INSERT INTO citizen(cit_id,sur_id,gender,dob,ethnicity,marital_stat,fast_food_weekly,fruits_weekly,alcohol,smoke) VALUES (158,32,'f','1981-04-12','native hawaiian','m',5,9,'1','0');
INSERT INTO citizen(cit_id,sur_id,gender,dob,ethnicity,marital_stat,fast_food_weekly,fruits_weekly,alcohol,smoke) VALUES (159,32,'f','1989-11-15','white','d',14,13,'1','0');
INSERT INTO citizen(cit_id,sur_id,gender,dob,ethnicity,marital_stat,fast_food_weekly,fruits_weekly,alcohol,smoke) VALUES (160,32,'m','1983-04-16','asian','s',2,11,'1','1');
INSERT INTO citizen(cit_id,sur_id,gender,dob,ethnicity,marital_stat,fast_food_weekly,fruits_weekly,alcohol,smoke) VALUES (161,33,'f','1981-06-16','asian','m',6,10,'0','0');
INSERT INTO citizen(cit_id,sur_id,gender,dob,ethnicity,marital_stat,fast_food_weekly,fruits_weekly,alcohol,smoke) VALUES (162,33,'f','1969-07-25','american','s',8,3,'0','0');
INSERT INTO citizen(cit_id,sur_id,gender,dob,ethnicity,marital_stat,fast_food_weekly,fruits_weekly,alcohol,smoke) VALUES (163,33,'f','1979-08-27','native hawaiian','d',7,7,'0','1');
INSERT INTO citizen(cit_id,sur_id,gender,dob,ethnicity,marital_stat,fast_food_weekly,fruits_weekly,alcohol,smoke) VALUES (164,33,'f','1991-10-27','native hawaiian','s',9,17,'1','0');
INSERT INTO citizen(cit_id,sur_id,gender,dob,ethnicity,marital_stat,fast_food_weekly,fruits_weekly,alcohol,smoke) VALUES (165,33,'m','1991-06-07','white','d',10,8,'1','0');
INSERT INTO citizen(cit_id,sur_id,gender,dob,ethnicity,marital_stat,fast_food_weekly,fruits_weekly,alcohol,smoke) VALUES (166,34,'f','1993-12-23','asian','m',3,5,'0','0');
INSERT INTO citizen(cit_id,sur_id,gender,dob,ethnicity,marital_stat,fast_food_weekly,fruits_weekly,alcohol,smoke) VALUES (167,34,'f','1965-01-11','asian','d',4,7,'0','1');
INSERT INTO citizen(cit_id,sur_id,gender,dob,ethnicity,marital_stat,fast_food_weekly,fruits_weekly,alcohol,smoke) VALUES (168,34,'m','1959-09-19','american','m',6,3,'1','1');
INSERT INTO citizen(cit_id,sur_id,gender,dob,ethnicity,marital_stat,fast_food_weekly,fruits_weekly,alcohol,smoke) VALUES (169,34,'f','1977-08-22','american','s',9,4,'1','1');
INSERT INTO citizen(cit_id,sur_id,gender,dob,ethnicity,marital_stat,fast_food_weekly,fruits_weekly,alcohol,smoke) VALUES (170,34,'f','1978-10-05','asian','s',11,9,'1','0');
INSERT INTO citizen(cit_id,sur_id,gender,dob,ethnicity,marital_stat,fast_food_weekly,fruits_weekly,alcohol,smoke) VALUES (171,35,'f','1980-12-20','native hawaiian','m',2,1,'1','0');
INSERT INTO citizen(cit_id,sur_id,gender,dob,ethnicity,marital_stat,fast_food_weekly,fruits_weekly,alcohol,smoke) VALUES (172,35,'m','1985-04-15','native hawaiian','m',14,2,'1','0');
INSERT INTO citizen(cit_id,sur_id,gender,dob,ethnicity,marital_stat,fast_food_weekly,fruits_weekly,alcohol,smoke) VALUES (173,35,'f','1989-07-08','african american','d',13,7,'0','1');
INSERT INTO citizen(cit_id,sur_id,gender,dob,ethnicity,marital_stat,fast_food_weekly,fruits_weekly,alcohol,smoke) VALUES (174,35,'f','1970-12-01','american','s',4,5,'0','1');
INSERT INTO citizen(cit_id,sur_id,gender,dob,ethnicity,marital_stat,fast_food_weekly,fruits_weekly,alcohol,smoke) VALUES (175,35,'m','1983-08-27','asian','m',8,6,'1','0');
INSERT INTO citizen(cit_id,sur_id,gender,dob,ethnicity,marital_stat,fast_food_weekly,fruits_weekly,alcohol,smoke) VALUES (176,36,'f','1979-11-12','african american','d',9,4,'1','0');
INSERT INTO citizen(cit_id,sur_id,gender,dob,ethnicity,marital_stat,fast_food_weekly,fruits_weekly,alcohol,smoke) VALUES (177,36,'f','1991-05-14','white','d',7,4,'0','0');
INSERT INTO citizen(cit_id,sur_id,gender,dob,ethnicity,marital_stat,fast_food_weekly,fruits_weekly,alcohol,smoke) VALUES (178,36,'m','1985-06-27','american','m',3,5,'0','1');
INSERT INTO citizen(cit_id,sur_id,gender,dob,ethnicity,marital_stat,fast_food_weekly,fruits_weekly,alcohol,smoke) VALUES (179,36,'f','1986-08-22','american','s',6,8,'0','1');
INSERT INTO citizen(cit_id,sur_id,gender,dob,ethnicity,marital_stat,fast_food_weekly,fruits_weekly,alcohol,smoke) VALUES (180,36,'m','1977-08-25','asian','s',8,8,'1','1');

-- DIS_CIT TABLE
INSERT INTO dis_cit(dis_id,cit_id) VALUES (1,1);
INSERT INTO dis_cit(dis_id,cit_id) VALUES (2,2);
INSERT INTO dis_cit(dis_id,cit_id) VALUES (3,3);
INSERT INTO dis_cit(dis_id,cit_id) VALUES (4,3);
INSERT INTO dis_cit(dis_id,cit_id) VALUES (1,4);
INSERT INTO dis_cit(dis_id,cit_id) VALUES (2,5);
INSERT INTO dis_cit(dis_id,cit_id) VALUES (3,6);
INSERT INTO dis_cit(dis_id,cit_id) VALUES (1,7);
INSERT INTO dis_cit(dis_id,cit_id) VALUES (4,7);
INSERT INTO dis_cit(dis_id,cit_id) VALUES (2,8);
INSERT INTO dis_cit(dis_id,cit_id) VALUES (3,9);
INSERT INTO dis_cit(dis_id,cit_id) VALUES (4,10);
INSERT INTO dis_cit(dis_id,cit_id) VALUES (1,11);
INSERT INTO dis_cit(dis_id,cit_id) VALUES (2,12);
INSERT INTO dis_cit(dis_id,cit_id) VALUES (3,13);
INSERT INTO dis_cit(dis_id,cit_id) VALUES (1,14);
INSERT INTO dis_cit(dis_id,cit_id) VALUES (4,14);
INSERT INTO dis_cit(dis_id,cit_id) VALUES (2,15);
INSERT INTO dis_cit(dis_id,cit_id) VALUES (3,16);
INSERT INTO dis_cit(dis_id,cit_id) VALUES (1,17);
INSERT INTO dis_cit(dis_id,cit_id) VALUES (4,17);
INSERT INTO dis_cit(dis_id,cit_id) VALUES (2,18);
INSERT INTO dis_cit(dis_id,cit_id) VALUES (3,19);
INSERT INTO dis_cit(dis_id,cit_id) VALUES (4,20);
INSERT INTO dis_cit(dis_id,cit_id) VALUES (1,22);
INSERT INTO dis_cit(dis_id,cit_id) VALUES (2,22);
INSERT INTO dis_cit(dis_id,cit_id) VALUES (3,23);
INSERT INTO dis_cit(dis_id,cit_id) VALUES (4,24);
INSERT INTO dis_cit(dis_id,cit_id) VALUES (1,26);
INSERT INTO dis_cit(dis_id,cit_id) VALUES (2,26);
INSERT INTO dis_cit(dis_id,cit_id) VALUES (3,27);
INSERT INTO dis_cit(dis_id,cit_id) VALUES (4,28);
INSERT INTO dis_cit(dis_id,cit_id) VALUES (1,30);
INSERT INTO dis_cit(dis_id,cit_id) VALUES (2,31);
INSERT INTO dis_cit(dis_id,cit_id) VALUES (3,32);
INSERT INTO dis_cit(dis_id,cit_id) VALUES (1,33);
INSERT INTO dis_cit(dis_id,cit_id) VALUES (4,33);
INSERT INTO dis_cit(dis_id,cit_id) VALUES (2,34);
INSERT INTO dis_cit(dis_id,cit_id) VALUES (3,34);
INSERT INTO dis_cit(dis_id,cit_id) VALUES (1,35);
INSERT INTO dis_cit(dis_id,cit_id) VALUES (2,36);
INSERT INTO dis_cit(dis_id,cit_id) VALUES (3,37);
INSERT INTO dis_cit(dis_id,cit_id) VALUES (4,37);
INSERT INTO dis_cit(dis_id,cit_id) VALUES (1,38);
INSERT INTO dis_cit(dis_id,cit_id) VALUES (2,38);
INSERT INTO dis_cit(dis_id,cit_id) VALUES (1,40);
INSERT INTO dis_cit(dis_id,cit_id) VALUES (2,40);
INSERT INTO dis_cit(dis_id,cit_id) VALUES (3,41);
INSERT INTO dis_cit(dis_id,cit_id) VALUES (1,42);
INSERT INTO dis_cit(dis_id,cit_id) VALUES (2,42);
INSERT INTO dis_cit(dis_id,cit_id) VALUES (3,43);
INSERT INTO dis_cit(dis_id,cit_id) VALUES (1,44);
INSERT INTO dis_cit(dis_id,cit_id) VALUES (1,46);
INSERT INTO dis_cit(dis_id,cit_id) VALUES (2,46);
INSERT INTO dis_cit(dis_id,cit_id) VALUES (1,48);
INSERT INTO dis_cit(dis_id,cit_id) VALUES (2,49);
INSERT INTO dis_cit(dis_id,cit_id) VALUES (1,52);
INSERT INTO dis_cit(dis_id,cit_id) VALUES (1,53);
INSERT INTO dis_cit(dis_id,cit_id) VALUES (2,53);
INSERT INTO dis_cit(dis_id,cit_id) VALUES (2,54);
INSERT INTO dis_cit(dis_id,cit_id) VALUES (1,55);
INSERT INTO dis_cit(dis_id,cit_id) VALUES (2,55);
INSERT INTO dis_cit(dis_id,cit_id) VALUES (3,55);
INSERT INTO dis_cit(dis_id,cit_id) VALUES (4,55);
INSERT INTO dis_cit(dis_id,cit_id) VALUES (2,56);
INSERT INTO dis_cit(dis_id,cit_id) VALUES (3,56);
INSERT INTO dis_cit(dis_id,cit_id) VALUES (1,57);
INSERT INTO dis_cit(dis_id,cit_id) VALUES (1,59);
INSERT INTO dis_cit(dis_id,cit_id) VALUES (2,60);
INSERT INTO dis_cit(dis_id,cit_id) VALUES (1,61);
INSERT INTO dis_cit(dis_id,cit_id) VALUES (3,61);
INSERT INTO dis_cit(dis_id,cit_id) VALUES (4,61);
INSERT INTO dis_cit(dis_id,cit_id) VALUES (1,62);
INSERT INTO dis_cit(dis_id,cit_id) VALUES (2,62);
INSERT INTO dis_cit(dis_id,cit_id) VALUES (1,63);
INSERT INTO dis_cit(dis_id,cit_id) VALUES (3,63);
INSERT INTO dis_cit(dis_id,cit_id) VALUES (1,64);
INSERT INTO dis_cit(dis_id,cit_id) VALUES (2,65);
INSERT INTO dis_cit(dis_id,cit_id) VALUES (3,65);
INSERT INTO dis_cit(dis_id,cit_id) VALUES (1,67);
INSERT INTO dis_cit(dis_id,cit_id) VALUES (2,67);
INSERT INTO dis_cit(dis_id,cit_id) VALUES (3,67);
INSERT INTO dis_cit(dis_id,cit_id) VALUES (4,67);
INSERT INTO dis_cit(dis_id,cit_id) VALUES (1,69);
INSERT INTO dis_cit(dis_id,cit_id) VALUES (3,69);
INSERT INTO dis_cit(dis_id,cit_id) VALUES (2,70);
INSERT INTO dis_cit(dis_id,cit_id) VALUES (2,71);
INSERT INTO dis_cit(dis_id,cit_id) VALUES (4,71);
INSERT INTO dis_cit(dis_id,cit_id) VALUES (1,72);
INSERT INTO dis_cit(dis_id,cit_id) VALUES (2,72);
INSERT INTO dis_cit(dis_id,cit_id) VALUES (3,72);
INSERT INTO dis_cit(dis_id,cit_id) VALUES (4,73);
INSERT INTO dis_cit(dis_id,cit_id) VALUES (1,76);
INSERT INTO dis_cit(dis_id,cit_id) VALUES (2,77);
INSERT INTO dis_cit(dis_id,cit_id) VALUES (3,78);
INSERT INTO dis_cit(dis_id,cit_id) VALUES (4,79);
INSERT INTO dis_cit(dis_id,cit_id) VALUES (1,80);
INSERT INTO dis_cit(dis_id,cit_id) VALUES (2,81);
INSERT INTO dis_cit(dis_id,cit_id) VALUES (3,81);
INSERT INTO dis_cit(dis_id,cit_id) VALUES (1,82);
INSERT INTO dis_cit(dis_id,cit_id) VALUES (2,82);
INSERT INTO dis_cit(dis_id,cit_id) VALUES (3,83);
INSERT INTO dis_cit(dis_id,cit_id) VALUES (1,84);
INSERT INTO dis_cit(dis_id,cit_id) VALUES (2,85);
INSERT INTO dis_cit(dis_id,cit_id) VALUES (3,85);
INSERT INTO dis_cit(dis_id,cit_id) VALUES (1,86);
INSERT INTO dis_cit(dis_id,cit_id) VALUES (4,87);
INSERT INTO dis_cit(dis_id,cit_id) VALUES (3,88);
INSERT INTO dis_cit(dis_id,cit_id) VALUES (1,89);
INSERT INTO dis_cit(dis_id,cit_id) VALUES (2,89);
INSERT INTO dis_cit(dis_id,cit_id) VALUES (1,90);
INSERT INTO dis_cit(dis_id,cit_id) VALUES (2,90);
INSERT INTO dis_cit(dis_id,cit_id) VALUES (3,90);
INSERT INTO dis_cit(dis_id,cit_id) VALUES (4,90);
INSERT INTO dis_cit(dis_id,cit_id) VALUES (1,91);
INSERT INTO dis_cit(dis_id,cit_id) VALUES (2,92);
INSERT INTO dis_cit(dis_id,cit_id) VALUES (1,93);
INSERT INTO dis_cit(dis_id,cit_id) VALUES (2,93);
INSERT INTO dis_cit(dis_id,cit_id) VALUES (4,93);
INSERT INTO dis_cit(dis_id,cit_id) VALUES (1,94);
INSERT INTO dis_cit(dis_id,cit_id) VALUES (3,94);
INSERT INTO dis_cit(dis_id,cit_id) VALUES (4,94);
INSERT INTO dis_cit(dis_id,cit_id) VALUES (1,95);
INSERT INTO dis_cit(dis_id,cit_id) VALUES (2,95);
INSERT INTO dis_cit(dis_id,cit_id) VALUES (3,95);
INSERT INTO dis_cit(dis_id,cit_id) VALUES (4,95);
INSERT INTO dis_cit(dis_id,cit_id) VALUES (1,97);
INSERT INTO dis_cit(dis_id,cit_id) VALUES (2,98);
INSERT INTO dis_cit(dis_id,cit_id) VALUES (3,99);
INSERT INTO dis_cit(dis_id,cit_id) VALUES (4,99);
INSERT INTO dis_cit(dis_id,cit_id) VALUES (1,100);
INSERT INTO dis_cit(dis_id,cit_id) VALUES (2,100);
INSERT INTO dis_cit(dis_id,cit_id) VALUES (1,101);
INSERT INTO dis_cit(dis_id,cit_id) VALUES (2,101);
INSERT INTO dis_cit(dis_id,cit_id) VALUES (1,103);
INSERT INTO dis_cit(dis_id,cit_id) VALUES (2,103);
INSERT INTO dis_cit(dis_id,cit_id) VALUES (4,103);
INSERT INTO dis_cit(dis_id,cit_id) VALUES (1,104);
INSERT INTO dis_cit(dis_id,cit_id) VALUES (3,104);
INSERT INTO dis_cit(dis_id,cit_id) VALUES (4,104);
INSERT INTO dis_cit(dis_id,cit_id) VALUES (2,106);
INSERT INTO dis_cit(dis_id,cit_id) VALUES (3,106);
INSERT INTO dis_cit(dis_id,cit_id) VALUES (1,108);
INSERT INTO dis_cit(dis_id,cit_id) VALUES (2,108);
INSERT INTO dis_cit(dis_id,cit_id) VALUES (4,108);
INSERT INTO dis_cit(dis_id,cit_id) VALUES (1,109);
INSERT INTO dis_cit(dis_id,cit_id) VALUES (1,111);
INSERT INTO dis_cit(dis_id,cit_id) VALUES (3,111);
INSERT INTO dis_cit(dis_id,cit_id) VALUES (1,112);
INSERT INTO dis_cit(dis_id,cit_id) VALUES (3,112);
INSERT INTO dis_cit(dis_id,cit_id) VALUES (3,113);
INSERT INTO dis_cit(dis_id,cit_id) VALUES (1,114);
INSERT INTO dis_cit(dis_id,cit_id) VALUES (2,114);
INSERT INTO dis_cit(dis_id,cit_id) VALUES (2,115);
INSERT INTO dis_cit(dis_id,cit_id) VALUES (1,116);
INSERT INTO dis_cit(dis_id,cit_id) VALUES (2,116);
INSERT INTO dis_cit(dis_id,cit_id) VALUES (2,117);
INSERT INTO dis_cit(dis_id,cit_id) VALUES (1,118);
INSERT INTO dis_cit(dis_id,cit_id) VALUES (1,120);
INSERT INTO dis_cit(dis_id,cit_id) VALUES (4,120);
INSERT INTO dis_cit(dis_id,cit_id) VALUES (1,122);
INSERT INTO dis_cit(dis_id,cit_id) VALUES (2,122);
INSERT INTO dis_cit(dis_id,cit_id) VALUES (3,123);
INSERT INTO dis_cit(dis_id,cit_id) VALUES (1,124);
INSERT INTO dis_cit(dis_id,cit_id) VALUES (1,125);
INSERT INTO dis_cit(dis_id,cit_id) VALUES (2,125);
INSERT INTO dis_cit(dis_id,cit_id) VALUES (1,127);
INSERT INTO dis_cit(dis_id,cit_id) VALUES (3,127);
INSERT INTO dis_cit(dis_id,cit_id) VALUES (1,128);
INSERT INTO dis_cit(dis_id,cit_id) VALUES (2,128);
INSERT INTO dis_cit(dis_id,cit_id) VALUES (4,128);
INSERT INTO dis_cit(dis_id,cit_id) VALUES (2,129);
INSERT INTO dis_cit(dis_id,cit_id) VALUES (1,130);
INSERT INTO dis_cit(dis_id,cit_id) VALUES (2,130);
INSERT INTO dis_cit(dis_id,cit_id) VALUES (1,131);
INSERT INTO dis_cit(dis_id,cit_id) VALUES (1,133);
INSERT INTO dis_cit(dis_id,cit_id) VALUES (2,133);
INSERT INTO dis_cit(dis_id,cit_id) VALUES (3,134);
INSERT INTO dis_cit(dis_id,cit_id) VALUES (4,134);
INSERT INTO dis_cit(dis_id,cit_id) VALUES (1,139);
INSERT INTO dis_cit(dis_id,cit_id) VALUES (2,140);
INSERT INTO dis_cit(dis_id,cit_id) VALUES (3,140);
INSERT INTO dis_cit(dis_id,cit_id) VALUES (3,142);
INSERT INTO dis_cit(dis_id,cit_id) VALUES (1,143);
INSERT INTO dis_cit(dis_id,cit_id) VALUES (4,143);
INSERT INTO dis_cit(dis_id,cit_id) VALUES (2,144);
INSERT INTO dis_cit(dis_id,cit_id) VALUES (3,145);
INSERT INTO dis_cit(dis_id,cit_id) VALUES (2,146);
INSERT INTO dis_cit(dis_id,cit_id) VALUES (4,146);
INSERT INTO dis_cit(dis_id,cit_id) VALUES (4,148);
INSERT INTO dis_cit(dis_id,cit_id) VALUES (1,149);
INSERT INTO dis_cit(dis_id,cit_id) VALUES (2,149);
INSERT INTO dis_cit(dis_id,cit_id) VALUES (3,151);
INSERT INTO dis_cit(dis_id,cit_id) VALUES (4,152);
INSERT INTO dis_cit(dis_id,cit_id) VALUES (1,153);
INSERT INTO dis_cit(dis_id,cit_id) VALUES (3,153);
INSERT INTO dis_cit(dis_id,cit_id) VALUES (3,155);
INSERT INTO dis_cit(dis_id,cit_id) VALUES (1,156);
INSERT INTO dis_cit(dis_id,cit_id) VALUES (2,156);
INSERT INTO dis_cit(dis_id,cit_id) VALUES (3,158);
INSERT INTO dis_cit(dis_id,cit_id) VALUES (4,159);
INSERT INTO dis_cit(dis_id,cit_id) VALUES (2,160);
INSERT INTO dis_cit(dis_id,cit_id) VALUES (4,160);
INSERT INTO dis_cit(dis_id,cit_id) VALUES (1,161);
INSERT INTO dis_cit(dis_id,cit_id) VALUES (2,161);
INSERT INTO dis_cit(dis_id,cit_id) VALUES (4,163);
INSERT INTO dis_cit(dis_id,cit_id) VALUES (3,164);
INSERT INTO dis_cit(dis_id,cit_id) VALUES (1,165);
INSERT INTO dis_cit(dis_id,cit_id) VALUES (2,166);
INSERT INTO dis_cit(dis_id,cit_id) VALUES (4,166);
INSERT INTO dis_cit(dis_id,cit_id) VALUES (3,168);
INSERT INTO dis_cit(dis_id,cit_id) VALUES (2,169);
INSERT INTO dis_cit(dis_id,cit_id) VALUES (4,169);
INSERT INTO dis_cit(dis_id,cit_id) VALUES (1,170);
INSERT INTO dis_cit(dis_id,cit_id) VALUES (4,172);
INSERT INTO dis_cit(dis_id,cit_id) VALUES (2,173);
INSERT INTO dis_cit(dis_id,cit_id) VALUES (4,174);
INSERT INTO dis_cit(dis_id,cit_id) VALUES (1,175);
INSERT INTO dis_cit(dis_id,cit_id) VALUES (3,175);
INSERT INTO dis_cit(dis_id,cit_id) VALUES (2,176);
INSERT INTO dis_cit(dis_id,cit_id) VALUES (3,176);
INSERT INTO dis_cit(dis_id,cit_id) VALUES (2,178);
INSERT INTO dis_cit(dis_id,cit_id) VALUES (1,179);

-- OCC_CIT TABLE
INSERT INTO occ_cit(occ_id,cit_id) VALUES (1,1);
INSERT INTO occ_cit(occ_id,cit_id) VALUES (2,1);
INSERT INTO occ_cit(occ_id,cit_id) VALUES (1,2);
INSERT INTO occ_cit(occ_id,cit_id) VALUES (2,2);
INSERT INTO occ_cit(occ_id,cit_id) VALUES (2,3);
INSERT INTO occ_cit(occ_id,cit_id) VALUES (3,3);
INSERT INTO occ_cit(occ_id,cit_id) VALUES (1,4);
INSERT INTO occ_cit(occ_id,cit_id) VALUES (2,5);
INSERT INTO occ_cit(occ_id,cit_id) VALUES (3,6);
INSERT INTO occ_cit(occ_id,cit_id) VALUES (3,7);
INSERT INTO occ_cit(occ_id,cit_id) VALUES (1,8);
INSERT INTO occ_cit(occ_id,cit_id) VALUES (2,9);
INSERT INTO occ_cit(occ_id,cit_id) VALUES (2,10);
INSERT INTO occ_cit(occ_id,cit_id) VALUES (3,10);
INSERT INTO occ_cit(occ_id,cit_id) VALUES (3,11);
INSERT INTO occ_cit(occ_id,cit_id) VALUES (2,12);
INSERT INTO occ_cit(occ_id,cit_id) VALUES (3,12);
INSERT INTO occ_cit(occ_id,cit_id) VALUES (2,13);
INSERT INTO occ_cit(occ_id,cit_id) VALUES (3,13);
INSERT INTO occ_cit(occ_id,cit_id) VALUES (1,14);
INSERT INTO occ_cit(occ_id,cit_id) VALUES (2,14);
INSERT INTO occ_cit(occ_id,cit_id) VALUES (2,15);
INSERT INTO occ_cit(occ_id,cit_id) VALUES (3,15);
INSERT INTO occ_cit(occ_id,cit_id) VALUES (2,16);
INSERT INTO occ_cit(occ_id,cit_id) VALUES (1,17);
INSERT INTO occ_cit(occ_id,cit_id) VALUES (2,18);
INSERT INTO occ_cit(occ_id,cit_id) VALUES (3,18);
INSERT INTO occ_cit(occ_id,cit_id) VALUES (1,19);
INSERT INTO occ_cit(occ_id,cit_id) VALUES (2,20);
INSERT INTO occ_cit(occ_id,cit_id) VALUES (3,20);
INSERT INTO occ_cit(occ_id,cit_id) VALUES (1,21);
INSERT INTO occ_cit(occ_id,cit_id) VALUES (1,22);
INSERT INTO occ_cit(occ_id,cit_id) VALUES (2,22);
INSERT INTO occ_cit(occ_id,cit_id) VALUES (1,23);
INSERT INTO occ_cit(occ_id,cit_id) VALUES (2,24);
INSERT INTO occ_cit(occ_id,cit_id) VALUES (3,24);
INSERT INTO occ_cit(occ_id,cit_id) VALUES (1,25);
INSERT INTO occ_cit(occ_id,cit_id) VALUES (1,26);
INSERT INTO occ_cit(occ_id,cit_id) VALUES (2,27);
INSERT INTO occ_cit(occ_id,cit_id) VALUES (2,28);
INSERT INTO occ_cit(occ_id,cit_id) VALUES (3,28);
INSERT INTO occ_cit(occ_id,cit_id) VALUES (1,29);
INSERT INTO occ_cit(occ_id,cit_id) VALUES (2,30);
INSERT INTO occ_cit(occ_id,cit_id) VALUES (1,31);
INSERT INTO occ_cit(occ_id,cit_id) VALUES (3,31);
INSERT INTO occ_cit(occ_id,cit_id) VALUES (2,32);
INSERT INTO occ_cit(occ_id,cit_id) VALUES (3,33);
INSERT INTO occ_cit(occ_id,cit_id) VALUES (1,34);
INSERT INTO occ_cit(occ_id,cit_id) VALUES (2,34);
INSERT INTO occ_cit(occ_id,cit_id) VALUES (1,35);
INSERT INTO occ_cit(occ_id,cit_id) VALUES (1,36);
INSERT INTO occ_cit(occ_id,cit_id) VALUES (3,36);
INSERT INTO occ_cit(occ_id,cit_id) VALUES (1,37);
INSERT INTO occ_cit(occ_id,cit_id) VALUES (2,38);
INSERT INTO occ_cit(occ_id,cit_id) VALUES (3,38);
INSERT INTO occ_cit(occ_id,cit_id) VALUES (1,39);
INSERT INTO occ_cit(occ_id,cit_id) VALUES (2,40);
INSERT INTO occ_cit(occ_id,cit_id) VALUES (3,40);
INSERT INTO occ_cit(occ_id,cit_id) VALUES (1,41);
INSERT INTO occ_cit(occ_id,cit_id) VALUES (2,41);
INSERT INTO occ_cit(occ_id,cit_id) VALUES (2,42);
INSERT INTO occ_cit(occ_id,cit_id) VALUES (3,43);
INSERT INTO occ_cit(occ_id,cit_id) VALUES (1,44);
INSERT INTO occ_cit(occ_id,cit_id) VALUES (3,44);
INSERT INTO occ_cit(occ_id,cit_id) VALUES (2,45);
INSERT INTO occ_cit(occ_id,cit_id) VALUES (1,46);
INSERT INTO occ_cit(occ_id,cit_id) VALUES (2,46);
INSERT INTO occ_cit(occ_id,cit_id) VALUES (1,47);
INSERT INTO occ_cit(occ_id,cit_id) VALUES (2,47);
INSERT INTO occ_cit(occ_id,cit_id) VALUES (3,47);
INSERT INTO occ_cit(occ_id,cit_id) VALUES (1,48);
INSERT INTO occ_cit(occ_id,cit_id) VALUES (2,48);
INSERT INTO occ_cit(occ_id,cit_id) VALUES (3,49);
INSERT INTO occ_cit(occ_id,cit_id) VALUES (1,50);
INSERT INTO occ_cit(occ_id,cit_id) VALUES (1,51);
INSERT INTO occ_cit(occ_id,cit_id) VALUES (2,51);
INSERT INTO occ_cit(occ_id,cit_id) VALUES (2,52);
INSERT INTO occ_cit(occ_id,cit_id) VALUES (2,53);
INSERT INTO occ_cit(occ_id,cit_id) VALUES (3,53);
INSERT INTO occ_cit(occ_id,cit_id) VALUES (1,54);
INSERT INTO occ_cit(occ_id,cit_id) VALUES (2,55);
INSERT INTO occ_cit(occ_id,cit_id) VALUES (3,56);
INSERT INTO occ_cit(occ_id,cit_id) VALUES (3,57);
INSERT INTO occ_cit(occ_id,cit_id) VALUES (1,58);
INSERT INTO occ_cit(occ_id,cit_id) VALUES (2,59);
INSERT INTO occ_cit(occ_id,cit_id) VALUES (3,59);
INSERT INTO occ_cit(occ_id,cit_id) VALUES (1,60);
INSERT INTO occ_cit(occ_id,cit_id) VALUES (1,61);
INSERT INTO occ_cit(occ_id,cit_id) VALUES (1,62);
INSERT INTO occ_cit(occ_id,cit_id) VALUES (2,63);
INSERT INTO occ_cit(occ_id,cit_id) VALUES (3,63);
INSERT INTO occ_cit(occ_id,cit_id) VALUES (1,64);
INSERT INTO occ_cit(occ_id,cit_id) VALUES (1,65);
INSERT INTO occ_cit(occ_id,cit_id) VALUES (2,65);
INSERT INTO occ_cit(occ_id,cit_id) VALUES (3,66);
INSERT INTO occ_cit(occ_id,cit_id) VALUES (1,67);
INSERT INTO occ_cit(occ_id,cit_id) VALUES (2,68);
INSERT INTO occ_cit(occ_id,cit_id) VALUES (3,68);
INSERT INTO occ_cit(occ_id,cit_id) VALUES (1,69);
INSERT INTO occ_cit(occ_id,cit_id) VALUES (1,70);
INSERT INTO occ_cit(occ_id,cit_id) VALUES (2,70);
INSERT INTO occ_cit(occ_id,cit_id) VALUES (2,71);
INSERT INTO occ_cit(occ_id,cit_id) VALUES (3,71);
INSERT INTO occ_cit(occ_id,cit_id) VALUES (1,72);
INSERT INTO occ_cit(occ_id,cit_id) VALUES (3,72);
INSERT INTO occ_cit(occ_id,cit_id) VALUES (2,73);
INSERT INTO occ_cit(occ_id,cit_id) VALUES (3,73);
INSERT INTO occ_cit(occ_id,cit_id) VALUES (1,74);
INSERT INTO occ_cit(occ_id,cit_id) VALUES (2,74);
INSERT INTO occ_cit(occ_id,cit_id) VALUES (1,75);
INSERT INTO occ_cit(occ_id,cit_id) VALUES (1,76);
INSERT INTO occ_cit(occ_id,cit_id) VALUES (2,77);
INSERT INTO occ_cit(occ_id,cit_id) VALUES (3,78);
INSERT INTO occ_cit(occ_id,cit_id) VALUES (1,79);
INSERT INTO occ_cit(occ_id,cit_id) VALUES (1,80);
INSERT INTO occ_cit(occ_id,cit_id) VALUES (2,81);
INSERT INTO occ_cit(occ_id,cit_id) VALUES (1,82);
INSERT INTO occ_cit(occ_id,cit_id) VALUES (2,83);
INSERT INTO occ_cit(occ_id,cit_id) VALUES (1,84);
INSERT INTO occ_cit(occ_id,cit_id) VALUES (2,85);
INSERT INTO occ_cit(occ_id,cit_id) VALUES (3,86);
INSERT INTO occ_cit(occ_id,cit_id) VALUES (1,87);
INSERT INTO occ_cit(occ_id,cit_id) VALUES (2,88);
INSERT INTO occ_cit(occ_id,cit_id) VALUES (3,89);
INSERT INTO occ_cit(occ_id,cit_id) VALUES (1,90);
INSERT INTO occ_cit(occ_id,cit_id) VALUES (2,90);
INSERT INTO occ_cit(occ_id,cit_id) VALUES (1,91);
INSERT INTO occ_cit(occ_id,cit_id) VALUES (2,91);
INSERT INTO occ_cit(occ_id,cit_id) VALUES (3,91);
INSERT INTO occ_cit(occ_id,cit_id) VALUES (1,92);
INSERT INTO occ_cit(occ_id,cit_id) VALUES (2,92);
INSERT INTO occ_cit(occ_id,cit_id) VALUES (1,93);
INSERT INTO occ_cit(occ_id,cit_id) VALUES (1,94);
INSERT INTO occ_cit(occ_id,cit_id) VALUES (2,94);
INSERT INTO occ_cit(occ_id,cit_id) VALUES (3,94);
INSERT INTO occ_cit(occ_id,cit_id) VALUES (1,95);
INSERT INTO occ_cit(occ_id,cit_id) VALUES (2,95);
INSERT INTO occ_cit(occ_id,cit_id) VALUES (3,95);
INSERT INTO occ_cit(occ_id,cit_id) VALUES (1,96);
INSERT INTO occ_cit(occ_id,cit_id) VALUES (3,96);
INSERT INTO occ_cit(occ_id,cit_id) VALUES (2,97);
INSERT INTO occ_cit(occ_id,cit_id) VALUES (3,97);
INSERT INTO occ_cit(occ_id,cit_id) VALUES (1,98);
INSERT INTO occ_cit(occ_id,cit_id) VALUES (2,98);
INSERT INTO occ_cit(occ_id,cit_id) VALUES (1,99);
INSERT INTO occ_cit(occ_id,cit_id) VALUES (1,100);
INSERT INTO occ_cit(occ_id,cit_id) VALUES (2,100);
INSERT INTO occ_cit(occ_id,cit_id) VALUES (1,101);
INSERT INTO occ_cit(occ_id,cit_id) VALUES (2,101);
INSERT INTO occ_cit(occ_id,cit_id) VALUES (3,101);
INSERT INTO occ_cit(occ_id,cit_id) VALUES (1,102);
INSERT INTO occ_cit(occ_id,cit_id) VALUES (2,103);
INSERT INTO occ_cit(occ_id,cit_id) VALUES (3,103);
INSERT INTO occ_cit(occ_id,cit_id) VALUES (1,104);
INSERT INTO occ_cit(occ_id,cit_id) VALUES (2,105);
INSERT INTO occ_cit(occ_id,cit_id) VALUES (1,106);
INSERT INTO occ_cit(occ_id,cit_id) VALUES (3,106);
INSERT INTO occ_cit(occ_id,cit_id) VALUES (1,107);
INSERT INTO occ_cit(occ_id,cit_id) VALUES (1,108);
INSERT INTO occ_cit(occ_id,cit_id) VALUES (2,108);
INSERT INTO occ_cit(occ_id,cit_id) VALUES (3,108);
INSERT INTO occ_cit(occ_id,cit_id) VALUES (2,109);
INSERT INTO occ_cit(occ_id,cit_id) VALUES (1,110);
INSERT INTO occ_cit(occ_id,cit_id) VALUES (3,110);
INSERT INTO occ_cit(occ_id,cit_id) VALUES (1,111);
INSERT INTO occ_cit(occ_id,cit_id) VALUES (2,111);
INSERT INTO occ_cit(occ_id,cit_id) VALUES (1,112);
INSERT INTO occ_cit(occ_id,cit_id) VALUES (2,112);
INSERT INTO occ_cit(occ_id,cit_id) VALUES (3,112);
INSERT INTO occ_cit(occ_id,cit_id) VALUES (1,113);
INSERT INTO occ_cit(occ_id,cit_id) VALUES (2,113);
INSERT INTO occ_cit(occ_id,cit_id) VALUES (1,114);
INSERT INTO occ_cit(occ_id,cit_id) VALUES (2,114);
INSERT INTO occ_cit(occ_id,cit_id) VALUES (3,114);
INSERT INTO occ_cit(occ_id,cit_id) VALUES (2,115);
INSERT INTO occ_cit(occ_id,cit_id) VALUES (3,116);
INSERT INTO occ_cit(occ_id,cit_id) VALUES (3,117);
INSERT INTO occ_cit(occ_id,cit_id) VALUES (1,118);
INSERT INTO occ_cit(occ_id,cit_id) VALUES (3,118);
INSERT INTO occ_cit(occ_id,cit_id) VALUES (1,119);
INSERT INTO occ_cit(occ_id,cit_id) VALUES (2,119);
INSERT INTO occ_cit(occ_id,cit_id) VALUES (2,120);
INSERT INTO occ_cit(occ_id,cit_id) VALUES (1,121);
INSERT INTO occ_cit(occ_id,cit_id) VALUES (2,121);
INSERT INTO occ_cit(occ_id,cit_id) VALUES (1,122);
INSERT INTO occ_cit(occ_id,cit_id) VALUES (2,122);
INSERT INTO occ_cit(occ_id,cit_id) VALUES (3,122);
INSERT INTO occ_cit(occ_id,cit_id) VALUES (1,123);
INSERT INTO occ_cit(occ_id,cit_id) VALUES (2,123);
INSERT INTO occ_cit(occ_id,cit_id) VALUES (2,124);
INSERT INTO occ_cit(occ_id,cit_id) VALUES (3,124);
INSERT INTO occ_cit(occ_id,cit_id) VALUES (1,125);
INSERT INTO occ_cit(occ_id,cit_id) VALUES (1,126);
INSERT INTO occ_cit(occ_id,cit_id) VALUES (2,127);
INSERT INTO occ_cit(occ_id,cit_id) VALUES (3,127);
INSERT INTO occ_cit(occ_id,cit_id) VALUES (1,128);
INSERT INTO occ_cit(occ_id,cit_id) VALUES (2,128);
INSERT INTO occ_cit(occ_id,cit_id) VALUES (3,128);
INSERT INTO occ_cit(occ_id,cit_id) VALUES (1,129);
INSERT INTO occ_cit(occ_id,cit_id) VALUES (3,129);
INSERT INTO occ_cit(occ_id,cit_id) VALUES (1,130);
INSERT INTO occ_cit(occ_id,cit_id) VALUES (1,131);
INSERT INTO occ_cit(occ_id,cit_id) VALUES (2,132);
INSERT INTO occ_cit(occ_id,cit_id) VALUES (1,133);
INSERT INTO occ_cit(occ_id,cit_id) VALUES (3,133);
INSERT INTO occ_cit(occ_id,cit_id) VALUES (2,134);
INSERT INTO occ_cit(occ_id,cit_id) VALUES (3,134);
INSERT INTO occ_cit(occ_id,cit_id) VALUES (1,135);
INSERT INTO occ_cit(occ_id,cit_id) VALUES (2,135);
INSERT INTO occ_cit(occ_id,cit_id) VALUES (1,136);
INSERT INTO occ_cit(occ_id,cit_id) VALUES (3,136);
INSERT INTO occ_cit(occ_id,cit_id) VALUES (2,137);
INSERT INTO occ_cit(occ_id,cit_id) VALUES (2,138);
INSERT INTO occ_cit(occ_id,cit_id) VALUES (3,138);
INSERT INTO occ_cit(occ_id,cit_id) VALUES (3,139);
INSERT INTO occ_cit(occ_id,cit_id) VALUES (1,140);
INSERT INTO occ_cit(occ_id,cit_id) VALUES (1,141);
INSERT INTO occ_cit(occ_id,cit_id) VALUES (2,141);
INSERT INTO occ_cit(occ_id,cit_id) VALUES (3,142);
INSERT INTO occ_cit(occ_id,cit_id) VALUES (2,143);
INSERT INTO occ_cit(occ_id,cit_id) VALUES (1,144);
INSERT INTO occ_cit(occ_id,cit_id) VALUES (2,145);
INSERT INTO occ_cit(occ_id,cit_id) VALUES (3,145);
INSERT INTO occ_cit(occ_id,cit_id) VALUES (2,146);
INSERT INTO occ_cit(occ_id,cit_id) VALUES (1,147);
INSERT INTO occ_cit(occ_id,cit_id) VALUES (2,148);
INSERT INTO occ_cit(occ_id,cit_id) VALUES (2,149);
INSERT INTO occ_cit(occ_id,cit_id) VALUES (3,149);
INSERT INTO occ_cit(occ_id,cit_id) VALUES (1,150);
INSERT INTO occ_cit(occ_id,cit_id) VALUES (2,151);
INSERT INTO occ_cit(occ_id,cit_id) VALUES (1,152);
INSERT INTO occ_cit(occ_id,cit_id) VALUES (3,153);
INSERT INTO occ_cit(occ_id,cit_id) VALUES (1,154);
INSERT INTO occ_cit(occ_id,cit_id) VALUES (2,154);
INSERT INTO occ_cit(occ_id,cit_id) VALUES (1,155);
INSERT INTO occ_cit(occ_id,cit_id) VALUES (2,156);
INSERT INTO occ_cit(occ_id,cit_id) VALUES (3,157);
INSERT INTO occ_cit(occ_id,cit_id) VALUES (2,158);
INSERT INTO occ_cit(occ_id,cit_id) VALUES (3,159);
INSERT INTO occ_cit(occ_id,cit_id) VALUES (1,160);
INSERT INTO occ_cit(occ_id,cit_id) VALUES (2,161);
INSERT INTO occ_cit(occ_id,cit_id) VALUES (1,162);
INSERT INTO occ_cit(occ_id,cit_id) VALUES (1,163);
INSERT INTO occ_cit(occ_id,cit_id) VALUES (2,163);
INSERT INTO occ_cit(occ_id,cit_id) VALUES (3,164);
INSERT INTO occ_cit(occ_id,cit_id) VALUES (3,165);
INSERT INTO occ_cit(occ_id,cit_id) VALUES (2,166);
INSERT INTO occ_cit(occ_id,cit_id) VALUES (1,167);
INSERT INTO occ_cit(occ_id,cit_id) VALUES (1,168);
INSERT INTO occ_cit(occ_id,cit_id) VALUES (1,169);
INSERT INTO occ_cit(occ_id,cit_id) VALUES (2,169);
INSERT INTO occ_cit(occ_id,cit_id) VALUES (2,170);
INSERT INTO occ_cit(occ_id,cit_id) VALUES (1,171);
INSERT INTO occ_cit(occ_id,cit_id) VALUES (3,171);
INSERT INTO occ_cit(occ_id,cit_id) VALUES (1,172);
INSERT INTO occ_cit(occ_id,cit_id) VALUES (2,173);
INSERT INTO occ_cit(occ_id,cit_id) VALUES (2,174);
INSERT INTO occ_cit(occ_id,cit_id) VALUES (3,175);
INSERT INTO occ_cit(occ_id,cit_id) VALUES (2,176);
INSERT INTO occ_cit(occ_id,cit_id) VALUES (3,176);
INSERT INTO occ_cit(occ_id,cit_id) VALUES (1,177);
INSERT INTO occ_cit(occ_id,cit_id) VALUES (2,178);
INSERT INTO occ_cit(occ_id,cit_id) VALUES (1,179);
INSERT INTO occ_cit(occ_id,cit_id) VALUES (2,180);
INSERT INTO occ_cit(occ_id,cit_id) VALUES (3,180);

-- HEALTHCARE TABLE
INSERT INTO healthcare(hc_id,hc_type,loc_id) VALUES (1,'hospital',1);
INSERT INTO healthcare(hc_id,hc_type,loc_id) VALUES (2,'rehabilitation center',1);
INSERT INTO healthcare(hc_id,hc_type,loc_id) VALUES (3,'hospital',2);
INSERT INTO healthcare(hc_id,hc_type,loc_id) VALUES (4,'rehabilitation center',2);
INSERT INTO healthcare(hc_id,hc_type,loc_id) VALUES (5,'rehabilitation center',3);
INSERT INTO healthcare(hc_id,hc_type,loc_id) VALUES (6,'rehabilitation center',3);

-- LOC_ENV TABLE
INSERT INTO loc_env(id,loc_id,year,pollen_conc,co_conc) VALUES (1,1,2012,0.3,1.2);
INSERT INTO loc_env(id,loc_id,year,pollen_conc,co_conc) VALUES (2,1,2012,0.7,1.3);
INSERT INTO loc_env(id,loc_id,year,pollen_conc,co_conc) VALUES (3,1,2013,1.2,2.5);
INSERT INTO loc_env(id,loc_id,year,pollen_conc,co_conc) VALUES (4,1,2013,1.4,0.75);
INSERT INTO loc_env(id,loc_id,year,pollen_conc,co_conc) VALUES (5,1,2014,1.7,0.8);
INSERT INTO loc_env(id,loc_id,year,pollen_conc,co_conc) VALUES (6,1,2014,2.4,0.3);
INSERT INTO loc_env(id,loc_id,year,pollen_conc,co_conc) VALUES (7,2,2012,0.6,0.6);
INSERT INTO loc_env(id,loc_id,year,pollen_conc,co_conc) VALUES (8,2,2012,0.4,1.8);
INSERT INTO loc_env(id,loc_id,year,pollen_conc,co_conc) VALUES (9,2,2013,0.7,1.35);
INSERT INTO loc_env(id,loc_id,year,pollen_conc,co_conc) VALUES (10,2,2013,0.9,1.2);
INSERT INTO loc_env(id,loc_id,year,pollen_conc,co_conc) VALUES (11,2,2014,1.5,1.3);
INSERT INTO loc_env(id,loc_id,year,pollen_conc,co_conc) VALUES (12,2,2014,0.4,0.23);
INSERT INTO loc_env(id,loc_id,year,pollen_conc,co_conc) VALUES (13,3,2012,1.3,0.56);
INSERT INTO loc_env(id,loc_id,year,pollen_conc,co_conc) VALUES (14,3,2012,0.28,0.75);
INSERT INTO loc_env(id,loc_id,year,pollen_conc,co_conc) VALUES (15,3,2013,0.45,0.78);
INSERT INTO loc_env(id,loc_id,year,pollen_conc,co_conc) VALUES (16,3,2013,0.65,0.98);
INSERT INTO loc_env(id,loc_id,year,pollen_conc,co_conc) VALUES (17,3,2014,0.72,1.3);
INSERT INTO loc_env(id,loc_id,year,pollen_conc,co_conc) VALUES (18,3,2014,2.09,1.45);

-- LOC_ACCIDENT TABLE
INSERT INTO loc_accident(loc_id,acc_id,acc_type) VALUES (1,1,'motorcycle');
INSERT INTO loc_accident(loc_id,acc_id,acc_type) VALUES (1,2,'car');
INSERT INTO loc_accident(loc_id,acc_id,acc_type) VALUES (1,3,'car');
INSERT INTO loc_accident(loc_id,acc_id,acc_type) VALUES (1,4,'pedestrain');
INSERT INTO loc_accident(loc_id,acc_id,acc_type) VALUES (2,5,'motorcycle');
INSERT INTO loc_accident(loc_id,acc_id,acc_type) VALUES (2,6,'motorcycle');
INSERT INTO loc_accident(loc_id,acc_id,acc_type) VALUES (2,7,'pedestrian');